<?xml version="1.0" encoding="UTF-8"?>
<lint>
    <issue id="MissingTranslation" severity="ignore" />

    <!-- Transifex and Lint disagree on what quantities are necessary -->
    <issue id="UnusedQuantity" severity="warning">
        <ignore path="res/values-tr/strings.xml" />
        <ignore path="res/values-hu/strings.xml" />
    </issue>
    <issue id="MissingQuantity" severity="warning">
        <ignore path="res/values-ru/strings.xml" />
        <ignore path="res/values-uk/strings.xml" />
    </issue>

    <!-- Remove this when we have separate Transifex resources for plugins -->
    <issue id="ExtraTranslation" severity="error">
        <ignore path="res/values-zh-rTW/plugin_strings.xml" />
    </issue>
</lint>
